gene,cluster
RAT,1
CRYZ,1
CLYBL,1
OXCT1,1
ALDH5A1,1
ECI2,1
IRF9,1
NUDT4,1
FBLN2,1
CHDH,1
AK4,1
PDCD4,1
SLC12A2,1
REEP6,1
PSMB9,1
BAIAP2,1
PNP,1
TST,1
APP,1
POR,1
ABAT,1
ASS1,1
IGFBP2,1
HMGCL,1
ALDH6A1,1
GGH,1
PCK2,1
BDH1,1
SELENBP1,1
FDFT1,1
ALDH4A1,1
ACSF2,1
ACADSB,1
TKFC,1
CACYBP,1
TIMP2,1
NUDCD1,1
CSE1L,1
GART,1
SRPK1,1
TRMT6,1
VIM,1
SPTLC2,1
LDHB,1
HSPH1,1
ENO1,1
PTK2,1
AKR1C2,1
FDPS,1
XPO7,1
ASNS,1
BLVRA,1
S100A16,1
CCAR2,1
AHSA1,1
TOMM34,1
COL14A1,1
CNN1,1
MYH11,1
APOBR,1
NPL,1
PFKP,1
PARP1,1
GSR,1
TDRD7,1
DSC2,1
MAGED1,1
GALE,1
PGD,1
ANXA3,1
S100B,1
ARHGEF6,1
PCDH1,1
MCAM,1
FKBP7,1
PPIF,1
SPR,1
PTGR2,1
KARS,1
TARS,1
GDAP1,1
LZTFL1,1
BLMH,1
GMPS,1
CASP6,1
S100A6,1
BCAM,1
ACOT7,1
DDX21,1
P3H3,1
METAP1,1
PREP,1
MSH2,1
ETHE1,1
ARHGAP12,1
FGD4,1
MCM5,1
LDHD,1
ADK,1
SH3BGRL2,1
SORBS2,1
COMT,1
DNAJC1,1
IVD,1
HSDL2,1
TES,1
OCIAD2,1
GSTK1,1
GCLM,1
DHCR7,1
NFKB2,1
FEN1,1
TACC1,1
PCNA,1
NAMPT,1
RNASEL,1
CIP2A,1
MCM7,1
MCM3,1
RFC4,1
VRK1,1
GATM,1
PKM,1
SERPINB6,1
HSPA12A,1
INF2,1
S100A13,1
SCPEP1,1
DCTD,1
FSTL1,1
SSFA2,1
CALD1,1
NMI,1
ARFGAP3,1
AKAP12,1
CLIC4,1
PADI2,1
FERMT2,1
PALD1,1
MYO1D,1
PGM5,1
H6PD,1
CSRP1,1
FLNC,1
FHL1,1
SORBS1,1
COLGALT1,1
ABLIM1,1
SPTBN1,1
DNMT1,1
STK10,1
STAB1,1
CTSH,1
PLOD1,1
P4HA2,1
LGALS1,1
PPA1,1
NFIA,1
PAICS,1
NFIB,1
P3H1,1
PDIA4,1
FAM49B,1
ITGAX,1
PRKG1,1
CYGB,1
S100A8,1
TPM2,1
MCM4,1
LPCAT2,1
ACSS2,1
LYN,1
LACTB2,1
S100A4,1
CD2AP,1
TRIP10,1
PPP1R14A,1
PLIN3,1
RENBP,1
CNPY4,1
CASP4,1
FMNL2,1
CD14,1
EML1,1
MYO1F,1
CLIP2,1
MXRA7,1
KANK2,1
SPECC1,1
DHRS7,1
ROBO1,1
F11R,1
TIMP1,1
CKAP4,1
MSR1,1
ATP9A,1
ALPL,1
PLEKHA2,1
CTNND1,1
CSPG4,1
EHBP1,1
UTRN,1
RASA3,1
ABI3,1
MYO5A,1
AHNAK,1
ALDOC,1
FLNA,1
PPP2R5A,1
CBR1,1
MAP3K5,1
ARHGEF2,1
ARHGAP10,1
KANK1,1
OSBPL1A,1
ALDH1L1,1
DIP2C,1
WIPI1,1
CDH1,1
NCF4,1
GLUL,1
RBMS1,1
EEPD1,1
MAPT,1
DTNA,1
TPPP,1
RAB11FIP1,1
CALU,1
FUCA1,1
CASP8,1
LGMN,1
ABR,1
TRIM14,1
FKBP15,1
RRM2B,1
BID,1
FYCO1,1
ARL3,1
MAP4K4,1
CENPV,1
LCP1,1
SYK,1
CORO1A,1
HLA-DPA1,1
COTL1,1
LSP1,1
FNBP1,1
PTPN6,1
TJP1,1
ARHGAP4,1
GOT1,1
ALDH3A2,1
TXNRD1,1
FERMT3,1
PODXL,1
RNASET2,1
IQGAP1,1
RIPK1,1
FKBP9,1
SH3BP1,1
IL16,1
PARVG,1
FLNB,1
PLCG2,1
INPP5D,1
WAS,1
AFAP1L2,1
ADA,1
NCKAP1L,1
SASH3,1
CRYL1,1
P4HB,1
SNX9,1
CAST,1
WIPF1,1
SYNE2,1
FNBP1L,1
PACSIN2,1
LIMA1,1
ANXA6,1
ANTXR1,1
SDC4,1
SUPT16H,1
FAS,1
ERLIN2,1
BIN1,1
TFRC,1
ITGA6,1
SH3KBP1,1
EPS8,1
PSME2,1
IFIT2,1
FAM129B,1
TPPP3,1
ARRB1,1
FAM114A1,1
PDLIM1,1
MVP,1
HTATIP2,1
AARS,1
SIAE,1
FAM84B,1
MSH6,1
EPHX1,1
ISYNA1,1
OPLAH,1
CRYAB,1
PSIP1,1
ALDH2,1
LMCD1,1
MCM2,1
KPNA2,1
MCM6,1
MAOB,1
RBP1,1
ANXA4,1
SERPINE2,1
EZR,1
IQGAP2,1
EPB41L1,1
PFKFB2,1
SAMD9,1
CMPK2,1
MTHFD1,1
IL4I1,1
PUS7,1
DPYSL3,1
GBP4,1
PARP14,1
FN1,1
ERO1A,1
SNCG,1
SERPINH1,1
LMOD1,1
TAGLN,1
LAP3,1
CTSB,1
MYLK,1
GPD1L,1
FKBP4,1
ACSS1,1
ALDH7A1,1
MYO6,1
TTLL12,1
SORD,1
HMGCS1,1
ICAM1,1
PC,1
TRIM21,1
TRIM22,1
FBP1,1
SERPINB1,1
NNMT,1
ALDH1A1,1
INPP1,1
FBXO2,1
NDRG2,1
STXBP6,1
EPB41L2,1
FSCN1,1
CASP1,1
PARP9,1
WARS,1
SAMHD1,1
ALCAM,1
UCHL1,1
CD74,1
HLA-DRA,1
APOL2,1
ERAP1,1
BST2,1
PFN2,1
BAG2,1
CES1,1
PPL,1
TAP1,1
MAOA,1
COPZ2,1
TYMP,1
TGM2,1
ASRGL1,1
TPD52L1,1
CMBL,1
HCLS1,1
NDRG1,1
UGDH,1
GPHN,1
MYO1B,1
GBP2,1
ME1,1
GSTM3,1
VWA5A,1
STAT1,1
GBP1,1
OAS2,1
IFIT3,1
MX1,1
PHGDH,1
PSAT1,1
ERAP2,1
AKR1C3,1
TRIM2,1
INPP4B,1
AHNAK2,1
STON1,1
SCIN,1
DTX3L,1
CRABP2,1
PGM2L1,1
PLA2G4A,1
IFIT1,1
DDX58,1
OAS3,1
ISG15,1
CDH11,1
SPARC,1
NAPRT,1
RHPN2,1
DCLK1,1
MMP2,1
TSPYL5,1
HCK,1
RASAL3,1
DOCK8,1
FAT1,1
DEF6,1
DMD,1
MID1,1
CLIC6,1
TACC2,1
ARHGEF12,1
DSP,1
GBE1,1
GIMAP8,1
DOCK9,1
BIN2,1
VAV1,1
PARD3,1
ARHGAP25,1
DOCK11,1
PLOD2,1
MYEF2,1
COL1A2,1
COL3A1,1
ITGA5,1
ENAH,1
ANK3,1
COBLL1,1
RBM47,1
DDX60,1
CGN,1
HK3,1
NUDT2,1
FMNL1,1
ASL,1
HK2,1
CPD,1
THBS2,1
PCYT2,1
SORT1,1
FAH,1
PAK1,1
LGALS3BP,1
CRIP2,1
DIAPH1,1
NAGK,1
NMNAT3,1
SSH3,1
MSI2,1
CBR3,1
STARD10,1
CXADR,1
GALNT7,1
FKBP11,1
GSTZ1,1
CYB5A,1
FAF1,1
CADPS2,1
SNX7,1
DDAH1,1
GLRX,1
PFKM,1
PGM3,1
GOLM1,1
PLEK,1
GLIPR2,1
PTGR1,1
TBC1D4,1
SLFN5,1
UNC13B,1
CELF2,1
NUCB2,1
PIP4K2C,1
PTPRK,1
AKAP1,1
CCDC6,1
MALT1,1
PPFIBP2,1
GAMT,1
STK26,1
EHHADH,1
UAP1,1
DOPEY2,1
CGNL1,1
ARFGEF3,1
LIMCH1,1
MAP1A,1
KIF21A,1
CDK6,1
NXN,1
GSDME,1
MRC2,1
COBL,1
TOM1L1,1
APOBEC3C,1
SVIL,1
NES,1
PPFIBP1,1
SH3PXD2B,1
MAP1B,1
ANXA1,1
PLEKHA5,1
NT5E,1
PALMD,1
APBB1IP,1
SPATS2L,1
DAB2,1
FAM129A,1
TJP2,1
GIMAP4,1
ALOX5,1
MAP7,1
TNFAIP2,1
PM20D2,1
HLA-DQB1,1
PKP2,1
SERPINB9,1
RDH10,1
ADPRH,1
RPS6KA5,1
AIF1,1
SWAP70,1
MYOF,1
SLC9A3R1,1
PREX1,1
KIF13B,1
PPM1H,1
PLEKHA6,1
CAMK2D,1
DGKA,1
DPYD,1
HNMT,1
ISLR,1
RGS10,1
BZW2,1
STMN1,1
PTGS1,1
CD44,1
DBN1,1
RFTN1,1
SHTN1,1
MGLL,1
PYCARD,1
TP53I3,1
GALM,1
BASP1,1
VCAN,1
PYCR1,1
CPM,1
TMPO,1
OPTN,1
MSN,1
SCD,1
CASP7,1
EGFR,1
MGST1,1
PTPRC,1
SORL1,1
RTN1,1
RCSD1,1
HIP1,1
ARHGAP18,1
MYH14,1
DOCK2,1
F13A1,1
SYNPO2,1
ADAM9,1
SLC1A4,1
CD276,1
MYO1E,1
GPC6,1
IDE,1
RNF213,1
AGFG2,1
PML,1
KIAA1217,1
PLEKHO2,1
TAOK3,1
FERMT1,1
CACNA2D1,1
SPARCL1,1
COL15A1,1
TGFBI,1
GALNT2,1
SLC39A14,1
NCEH1,1
ACBD5,1
IKBIP,1
INSR,1
AKR1B1,1
EMILIN1,1
SLC9A3R2,1
NLN,1
GEMIN5,1
MICAL1,1
BCR,1
CNRIP1,1
ITGB4,1
PPAT,1
DCTPP1,1
TNC,1
LTBP1,1
THY1,1
CADM1,1
HSPA4L,1
PRXL2A,1
COL5A1,1
LDHA,1
PALM,1
PHLDB1,1
TIGAR,1
ARHGEF37,1
STXBP1,1
SLC1A5,1
BDH2,1
WLS,1
CPVL,1
ITIH5,1
SLC16A1,1
ABI3BP,1
ITPK1,1
CAP2,1
LRP1,1
SYNPO,1
NT5DC2,1
DPYSL2,1
ITGA2,1
CNDP2,1
EPDR1,1
MARCKSL1,1
PPP1R18,1
GGT5,1
CAPG,1
S100A11,1
PLPP3,1
EFHD2,1
MDK,1
TAP2,1
CPT1A,1
CPNE1,1
FABP3,1
PON2,1
POSTN,1
VAV2,1
EML4,1
SNTB1,1
SEC24D,1
RPS6KA1,1
NEXN,1
LGALS3,1
UBE2L6,1
HSPB8,1
IFI16,1
SCRN1,1
PACSIN3,1
LPCAT1,1
CAPN2,1
ACSL1,1
ACAA2,1
EPHX2,1
RCN1,1
SHMT1,1
HMGB3,1
YARS,1
CRYM,1
REPS2,1
PBLD,1
GNE,1
CYP27A1,1
P4HA1,1
PTK7,1
MOXD1,1
LMO7,1
FKBP10,1
RAP1GAP,1
CAPN5,1
CD38,1
PHYH,1
STK39,1
SYTL4,1
PAPSS2,1
MAPRE2,1
GPNMB,1
KCTD12,1
NCF2,1
MRVI1,1
LIG3,1
OSBPL2,1
PRKCB,1
CAB39L,1
DSG2,1
ITGB5,1
MGMT,1
PLOD3,1
LRBA,1
STAT5A,1
SPATA20,1
PLCB3,1
RMDN3,1
PSME1,1
PTPN1,1
MTAP,1
PLAA,1
TSR1,1
TMEM263,1
SMAD4,1
IPO4,1
NSUN2,1
ITGAV,1
UBE2Z,1
PYGB,1
COL5A2,1
SGCD,1
CA13,1
FBLN1,1
ECPAS,1
MTHFD2,1
XPO5,1
ALDH1A3,1
SHMT2,1
NCAM1,1
RCN3,1
COLEC12,1
HIP1R,1
PALLD,1
CD109,1
MSRB3,1
HEPH,1
NEGR1,1
IGF1R,1
DDHD2,1
EFNB2,1
GSTM2,1
MTHFD1L,1
PTK2B,1
ELMO1,1
ATL1,1
DIP2B,1
PDE5A,1
MCF2L,1
MPP6,1
CLIC2,1
PCOLCE,1
DOCK5,1
IGFBP5,1
PRKAR2B,1
ITPR1,1
GMIP,1
RALGAPA1,1
RCC1,1
FNDC3A,1
BAG5,1
EXD2,1
PLCG1,1
LZIC,1
CTH,1
DIAPH2,1
OCRL,1
UBA7,1
KIF2A,1
PSMB10,1
PYGL,1
EPB41L5,1
SUSD2,1
PLS3,1
TSTD1,1
NSF,1
HLA-DPB1,1
GSDMD,1
HLA-DQA1,1
CNP,1
SUMF2,1
TRIP6,1
YAP1,1
METTL7A,1
ENDOD1,1
TNS3,1
RBPMS,1
FAAH,1
PRKCD,1
ANXA11,1
RAB29,1
PDIA5,1
CYB5R2,1
IDH1,1
GPT2,1
NFKB1,1
USP10,1
EPN2,1
SETD7,1
CTSZ,1
FBLIM1,1
EPS8L2,1
PLCD1,1
STAT6,1
CDK2,1
FHIT,1
LDAH,1
GPC4,1
ACAT2,1
AASS,1
STIM1,1
BCAT2,1
ABHD14B,1
PAFAH1B3,1
CIAPIN1,1
CHI3L1,1
CTSC,1
CPPED1,1
CROT,1
CTPS1,1
RAP1GDS1,1
NCALD,1
ECHDC3,1
PSMB8,1
RCC2,1
ACSS3,1
SPTBN2,1
SEC14L2,1
STRBP,1
FAM49A,1
RAVER2,1
MAP2K6,1
TOM1L2,1
FOLR2,1
ITSN1,1
FHL2,1
SMAP2,1
NT5DC1,1
HLA-DMA,1
CLASP2,1
ECE1,1
ARHGDIB,1
KDELC2,1
REXO2,1
ADGRE5,1
ENPP4,1
PRKD1,1
CPNE2,1
NEDD4L,1
NRP1,1
KHDRBS3,1
PLAT,1
LPXN,1
CTSS,1
CD163,1
CLIP1,1
ITGA3,1
PIP4K2A,1
AMPD3,1
CYBB,1
ITGB2,1
GUCY1A1,1
SMS,1
TBXAS1,1
IGFBP7,1
HSD17B,1
QSEC1,2
YWHAQ,2
KCTD21,2
MYD88,2
ARHGEF11,2
PGM2,2
GNG12,2
FADD,2
KIF13A,2
KIF1C,2
MTMR14,2
HDAC2,2
FBL,2
NUDT16,2
MTMR1,2
POLR1C,2
LRSAM1,2
PEX5,2
PANK4,2
PPM1A,2
NID2,2
ATG3,2
TBC1D9B,2
PDPK1,2
BAG3,2
NCK2,2
HSP90AA1,2
TCP1,2
TRIM3,2
NID1,2
KIF3B,2
AGO3,2
EIF3B,2
TTI1,2
RAB5C,2
TIPRL,2
RBM15,2
CPSF7,2
TUBGCP3,2
DCAKD,2
PPP1R3D,2
ZMYM3,2
LRPAP1,2
PLD2,2
RUVBL2,2
WDR37,2
RFC2,2
TPRG1L,2
TBC1D10A,2
IRGQ,2
RFC3,2
NUP155,2
EFTUD2,2
NOL11,2
TRIM25,2
CYFIP2,2
TCERG1,2
EIF4A3,2
NUP205,2
CGGBP1,2
CROCC,2
PPIH,2
SYNJ1,2
EMSY,2
MACROD2,2
MAVS,2
CSTF2,2
LSM14B,2
PTPRA,2
RAB6A,2
PLXNB1,2
ABI1,2
RBM10,2
CHAMP1,2
TSC22D4,2
AGAP3,2
ACYP1,2
DHPS,2
GNAQ,2
UBE2I,2
ALAD,2
SSRP1,2
SNX27,2
CSK,2
GTPBP1,2
SCARB2,2
DCPS,2
APEX1,2
KIF1BP,2
ARHGEF7,2
NR2C2AP,2
RAB7A,2
HNRNPUL1,2
APRT,2
ALDH16A1,2
M6PR,2
SLC44A1,2
CTSL,2
SEC31A,2
ZYX,2
RBM12,2
ADO,2
PITHD1,2
HSD17B12,2
AGPAT3,2
ACTL6A,2
RAE1,2
NONO,2
ATL3,2
CD59,2
PLEC,2
PURA,2
YTHDF2,2
DYNC1LI2,2
UBE3A,2
UEVLD,2
NLRX1,2
SYPL1,2
UBE4B,2
PLEKHF2,2
PRCP,2
NECAP1,2
CAPN1,2
MYO1C,2
PRIM2,2
LANCL1,2
GYG1,2
FUBP1,2
LLGL1,2
PRDX6,2
RPA2,2
PMPCA,2
PRKRA,2
SRSF9,2
YWHAE,2
DHX9,2
STX12,2
DYNC1H1,2
PFN1,2
IGSF8,2
SGTA,2
NCOA5,2
MFSD6,2
UNC45A,2
CYB5R3,2
GTF2F2,2
RTN4,2
TBCB,2
HNRNPF,2
RAD23B,2
PRPS1,2
PCIF1,2
DNAAF5,2
ACAA1,2
HMGB2,2
TP53BP2,2
POLD1,2
ATPAF1,2
AK2,2
C2CD2,2
DDX47,2
ASAH1,2
CTIF,2
PLBD1,2
GAA,2
PDLIM7,2
HDGF,2
LMNA,2
LAMP1,2
FHL3,2
BST1,2
HEXB,2
PEA15,2
GALC,2
SMC3,2
HMGA1,2
PPM1B,2
RAB9A,2
SORBS3,2
EHD2,2
PLIN4,2
PAWR,2
TLN2,2
TMED8,2
LMAN2,2
HDHD2,2
HAGH,2
PEBP1,2
ACO2,2
CNN2,2
CUL7,2
QSOX2,2
EML3,2
GPX1,2
TPM4,2
UNC119B,2
IGF2R,2
OSTF1,2
RDX,2
RCOR1,2
AGAP1,2
CSRP2,2
SNTA1,2
ITGAM,2
ACAN,2
ITGB3,2
VAT1L,2
VAMP8,2
EMILIN2,2
PTPRG,2
DNPH1,2
HDDC3,2
HEBP2,2
RDH13,2
MLEC,2
MAPK3,2
RHBDF1,2
CYBA,2
SLC8A1,2
NOTCH2,2
PTPRE,2
MAPKAPK3,2
MTMR10,2
CBL,2
MICALL2,2
HDLBP,2
AGA,2
CD63,2
DYSF,2
DAP,2
KDM3B,2
LMAN1,2
BCAP31,2
CANX,2
BAX,2
SNAP23,2
SLC44A2,2
CLPTM1L,2
CCM2,2
TRIOBP,2
LMAN2L,2
CD151,2
DKC1,2
SCAMP3,2
TCOF1,2
LARP1,2
CPS1,2
DFFA,2
MPI,2
AKR7A2,2
DPP9,2
RB1,2
USP4,2
PLCB1,2
BROX,2
GCHFR,2
LAMA2,2
ASAP1,2
DNAJB11,2
SFXN5,2
PFKL,2
JMJD6,2
COL6A3,2
MOCS2,2
NMT2,2
EFHD1,2
CLPTM1,2
PUM1,2
DDX46,2
EHMT1,2
PRKCSH,2
YWHAH,2
PTPN9,2
SMARCAD1,2
STAM,2
SLC12A4,2
SNTB2,2
ARPC2,2
MYDGF,2
UBQLN4,2
CETN2,2
FAM126A,2
QRSL1,2
SDCBP,2
SPATA5,2
CALR,2
CALCOCO2,2
ANKRD28,2
MAPK9,2
QRICH1,2
SYNGR2,2
SUOX,2
HSD17B8,2
MSRB2,2
AHCYL1,2
LASP1,2
NVL,2
CLN5,2
PGPEP1,2
CTBS,2
STAM2,2
IMPA1,2
SIRT3,2
PREPL,2
UNK,2
GLMN,2
FAM160B1,2
GGPS1,2
SEPHS2,2
NOP16,2
BLVRB,2
PSMG1,2
ARHGAP17,2
SCRN2,2
PRCC,2
XYLB,2
IDNK,2
TCAF1,2
HLCS,2
EIF4G3,2
IFT27,2
AAK1,2
RAB11FIP5,2
TLE3,2
MDC1,2
GATAD2B,2
FARP2,2
OLFML3,2
QSOX1,2
UCHL5,2
PDE4DIP,2
DDX39A,2
MAPKAPK2,2
TK2,2
YBX3,2
ANO10,2
TTC7B,2
DNAJB4,2
IRF2BP2,2
POGZ,2
FOXK1,2
MAP2K3,2
RPA1,2
LUM,2
SMARCC1,2
DHRS4,2
CBFB,2
STOM,2
RHOG,2
PIN4,2
HNRNPAB,2
MANF,2
LAMP2,2
TMEM120A,2
OGA,2
TBL2,2
SLC35B2,2
RBM3,2
ERP29,2
HSPA5,2
RAB3GAP2,2
CAPZB,2
ACADVL,2
SNAP29,2
EIF5,2
USO1,2
NFS1,2
ECHS1,2
MMS19,2
GRPEL1,2
LETM1,2
RTCA,2
PITPNB,2
CMAS,2
BYSL,2
CDC40,2
MCU,2
CLPP,2
EIF2B3,2
ANKS1A,2
PCID2,2
DDX50,2
LARS,2
CCDC91,2
AK3,2
LRRC59,2
DECR1,2
GCDH,2
BCKDHB,2
POLDIP3,2
USP48,2
HINT3,2
ACADM,2
ACADS,2
ETFDH,2
DCUN1D1,2
ABCF3,2
TRIM26,2
RSF1,2
RGL2,2
TTC9C,2
PYM1,2
ARCN1,2
DHODH,2
NIT2,2
YTHDC2,2
ARL15,2
ATXN3,2
RAP2B,2
NCOA2,2
ESD,2
ATOX1,2
LCMT1,2
IRF2BP1,2
GOLGA2,2
DHX38,2
DNAJC13,2
THTPA,2
PRKAA2,2
CFL2,2
QPCTL,2
BRAF,2
FAM98A,2
IDUA,2
RRAGC,2
TCF25,2
RFK,2
BAZ1B,2
MAN2A1,2
DHX36,2
GMPPB,2
SMAP1,2
NENF,2
LRRC57,2
GOLGA1,2
SHPK,2
VPS36,2
LYPLAL1,2
PAPSS1,2
EPM2AIP1,2
SNX2,2
CDKN1B,2
RBM12B,2
USP11,2
PCYOX1L,2
DHX30,2
TRIM4,2
TSC22D1,2
RNASEH2B,2
LAMA4,2
TGFB1I1,2
AAMDC,2
BCKDK,2
EARS2,2
WASL,2
SLC4A7,2
NNT,2
CHMP1A,2
HACD3,2
TRIP12,2
GOLGA5,2
FAM162A,2
SLC33A1,2
GFM1,2
GSS,2
ACAD9,2
TBL1XR1,2
PARP10,2
PPP6R3,2
GALT,2
ARAP1,2
CRK,2
DDX19B,2
HADHA,2
DNAJC8,2
AKR1A1,2
RRAS2,2
YKT6,2
TFG,2
CC2D1B,2
PI4K2A,2
ZC3HAV1L,2
CLCC1,2
DYRK1A,2
HDAC6,2
VTI1B,2
TBC1D22A,2
DLG1,2
KTN1,2
SCFD1,2
FKBP3,2
TMEM192,2
NUFIP2,2
LRCH4,2
CHMP2B,2
VPS13A,2
VPS39,2
ROCK1,2
NHLRC2,2
CS,2
SLMAP,2
ZNF148,2
TXNDC17,2
METTL3,2
RABGAP1L,2
SUGP2,2
LNPEP,2
MTA1,2
CLASP1,2
PRPSAP2,2
FRYL,2
ARFGEF2,2
LARS2,2
POLDIP2,2
EHD1,2
IARS2,2
FKBP2,2
AARS2,2
PRPF3,2
UFC1,2
PTGES2,2
PTEN,2
NOL10,2
CEBPZ,2
MTPAP,2
POLR1B,2
ASH2L,2
CLPB,2
HDAC4,2
XPNPEP3,2
PRKACB,2
JUP,2
GSTM4,2
B3GAT3,2
TRAPPC10,2
AKAP9,2
P3H2,2
EVPL,2
TMF1,2
CCDC186,2
TBRG4,2
PPP1R12A,2
ARMC10,2
GOLGA4,2
COA7,2
CHMP5,2
NOP9,2
SYNM,2
OLFML1,2
TWF1,2
APPL1,2
PTPRJ,2
PLCD3,2
GIT2,2
S100A12,2
KDM5C,2
DOCK6,2
PPM1F,2
ATG16L1,2
LIPA,2
MAN2B1,2
LTBP4,2
DCHS1,2
ANK2,2
DNM1,2
TNS2,2
PTGFRN,2
COL4A2,2
GLB1,2
GNS,2
CDV3,2
ERC1,2
STK38L,2
NRBP2,2
PPIC,2
ARHGEF17,2
ITPR3,2
SIL1,2
PPP1R12B,2
CD93,2
UACA,2
MPRIP,2
MMRN2,2
PRDX4,2
OSBP,2
LRRC40,2
XRCC4,2
GOLGA3,2
KIF3A,2
CYBRD1,2
TACO1,2
DCAF11,2
DDX59,2
RBPJ,2
DUSP12,2
STX6,2
WAPL,2
XIAP,2
OXSR1,2
VTA1,2
STRN3,2
SLAIN2,2
CDC42BPB,2
DSTN,2
MAP4K5,2
SYNE3,2
NOTCH3,2
PSAP,2
JAK1,2
WDR48,2
HSPA13,2
STX17,2
CTTN,2
TCF20,2
MACF1,2
CTTNBP2NL,2
LSG1,2
CMSS1,2
SART3,2
RTF1,2
KRI1,2
TIMM44,2
TRMT1,2
LRPPRC,2
DNAJB1,2
CAND1,2
NUDCD2,2
AKAP8,2
PNKP,2
EIF2S1,2
ETF1,2
USP15,2
IPO7,2
ITGB1,2
PRDX5,2
EIF3J,2
CLINT1,2
KIF5B,2
EIF4H,2
USP9X,2
FTSJ3,2
GM2A,2
NCL,2
UBTF,2
KHSRP,2
DEK,2
DHX15,2
TOR1A,2
AKT2,2
FIS1,2
IRF3,2
DBNL,2
SPIN1,2
ECI1,2
TPI1,2
NCBP1,2
PDCD5,2
PTGES3,2
HSPBP1,2
SERBP1,2
AAMP,2
G3BP2,2
G3BP1,2
NAP1L4,2
NPM1,2
UBAP1,2
MKRN2,2
LRRC8A,2
PES1,2
CRADD,2
AIP,2
CCT8,2
ZC3H15,2
ASPSCR1,2
ILVBL,2
TBCEL,2
TSN,2
ILKAP,2
APEH,2
RAB12,2
PRPS2,2
ACOT9,2
RNF114,2
AGPS,2
OTUD6B,2
PSME4,2
KPNA3,2
PDE12,2
SLC3A2,2
FAM136A,2
MYBBP1A,2
RRP12,2
WDFY1,2
CHORDC1,2
GTPBP4,2
HSPA14,2
SDF2L1,2
VARS,2
PCYOX1,2
STRN,2
MOV10,2
FUK,2
ATIC,2
TOP1,2
KPNB1,2
ITPA,2
AGK,2
ZMYM2,2
XPO4,2
CRELD2,2
FAM91A1,2
PPP6R2,2
DLGAP4,2
TXNDC12,2
PVR,2
OTUB1,2
NPLOC4,2
MAT2B,2
MBOAT7,2
AMPD2,2
P3H4,2
RPAP3,2
NME3,2
TRUB1,2
GLG1,2
CDC27,2
TOMM40,2
CDKN2AIP,2
NAA25,2
SERPINF1,2
FLOT2,2
UBA1,2
ABCD3,2
CRELD1,2
CRLF3,2
ATP1A1,2
AUP1,2
GPX4,2
REEP5,2
CNPY2,2
MDH2,2
AFG3L2,2
DNM2,2
VDAC1,2
ENSA,2
PHB2,2
NME2,2
YTHDF3,2
TUFM,2
KPNA4,2
VDAC2,2
DNAJB6,2
CUL1,2
ATM,2
NDUFAF2,2
FAHD1,2
SPRYD4,2
MMAA,2
MLYCD,2
ELP3,2
C1QBP,2
GAK,2
DLAT,2
FH,2
SFXN1,2
SPAG7,2
KPNA6,2
NUBPL,2
FLYWCH2,2
ATP6V1C1,2
SCO1,2
GLOD4,2
RAB2A,2
TMEM65,2
ANP32E,2
ADH5,2
STUB1,2
IST1,2
EDC4,2
NMRAL1,2
VAC14,2
RABEP2,2
SEC63,2
GLYR1,2
DST,3
ASAP2,3
ANKRD44,3
ITGAL,3
ARMC9,3
HMCN1,3
LUZP1,3
PKP4,3
ANKRD13A,3
DLG3,3
CEP41,3
ATE1,3
EIF2AK4,3
WNK1,3
INPP4A,3
CFDP1,3
MICALL1,3
CYLD,3
TRIO,3
MYCBP2,3
PPFIA1,3
STOML2,3
CAD,3
USP24,3
MYO18A,3
ECM1,3
PARP4,3
GSN,3
CAP1,3
HBA1,3
HBB,3
EEA1,3
PDIA6,3
SND1,3
ARHGEF10,3
GLRX3,3
DDR1,3
ACTN1,3
RUFY3,3
CAV1,3
RBSN,3
DARS,3
SRPX,3
LPP,3
TLN1,3
PPP1R9A,3
EIF4G1,3
MYH9,3
SIPA1L1,3
HEATR5A,3
PEAK1,3
SBF2,3
WDFY3,3
LONP1,3
CFAP36,3
PTPN11,3
TEX2,3
UGP2,3
ARVCF,3
MAP4,3
PLEKHA7,3
TAGLN2,3
ALDH9A1,3
CDC42EP4,3
PRDX1,3
MAPRE3,3
ANXA7,3
SNX1,3
EPS15,3
IARS,3
NOL3,3
VCL,3
QKI,3
MTM1,3
HBS1L,3
HSP90B1,3
GMPR2,3
ARHGAP35,3
MYO9B,3
RBBP9,3
GSPT1,3
PLD3,3
FCHO2,3
GRB2,3
FAM120A,3
SIPA1,3
TLR3,3
CDC42BPA,3
PGK1,3
SLK,3
CORO1C,3
LRCH1,3
TNPO3,3
PDLIM5,3
DPCD,3
TPBG,3
TRMT5,3
WDR70,3
LRRC20,3
LAMB1,3
SEC24C,3
TSFM,3
NMD3,3
TRIM33,3
GYS1,3
PIK3C2A,3
UBE2H,3
SMARCA1,3
LIMD1,3
IRF2BPL,3
NDE1,3
MRTFB,3
CPE,3
TANC1,3
MPP5,3
ACTN4,3
DBI,3
TAB2,3
EIF4ENIF1,3
PIK3CA,3
MAP3K4,3
DNMBP,3
STAG1,3
YLPM1,3
TSC1,3
PXK,3
ATG2B,3
FHOD1,3
SOWAHC,3
ARID1B,3
UPF2,3
NGLY1,3
SPAST,3
BICD2,3
ATG7,3
EHBP1L1,3
DNAJB2,3
TRADD,3
TRIM24,3
UBXN7,3
SRPK2,3
ARID2,3
ARSA,3
OSBPL11,3
VASP,3
NPC2,3
ITPR2,3
NECAP2,3
TXLNA,3
GLTP,3
ZC3HAV1,3
MAP7D1,3
PDLIM2,3
MORC2,3
INPPL1,3
MANBA,3
HSPA2,3
PHKA1,3
NCDN,3
PNPO,3
GLUD1,3
LGALS8,3
TFCP2,3
ARPC1B,3
ADD3,3
SERPINB8,3
PITPNA,3
S100A10,3
NCS1,3
ZFYVE21,3
VPS37B,3
OLFM4,3
CA2,3
THBS4,3
OGN,3
SOD3,3
HSPB6,3
BGN,3
FMOD,3
RHBDD2,3
AMT,3
MFGE8,3
ATP1B1,3
NDRG3,3
RPRD1B,3
HEXA,3
ANO6,3
ENTPD1,3
GALNT1,3
NUP210,3
RAI14,3
HLA-DRB1,3
LCN2,3
GMPR,3
TMOD1,3
THYN1,3
HLA-E,3
MNDA,3
EFEMP1,3
IFI30,3
SLC27A3,3
LPGAT1,3
SH3BGRL3,3
CAMK1,3
KIAA0930,3
DUSP23,3
ABCA8,3
NPC1,3
THBS1,3
ABHD12,3
HM13,3
OTULINL,3
ACSL3,3
RDH11,3
GUCY1B1,3
H2AFY2,3
PXDN,3
ME3,3
PFAS,3
MIPEP,3
TRNT1,3
MRI1,3
ACAD8,3
FKBP5,3
ACOX3,3
MCCC2,3
PDE4D,3
ECHDC1,3
AUH,3
DCXR,3
LSS,3
BPHL,3
MAGED2,3
SLC25A20,3
HDHD3,3
VWA8,3
FECH,3
NRDC,3
CORO1B,3
SLC27A4,3
SLC25A10,3
DHRS7B,3
ELN,3
IMPAD1,3
POLB,3
TSTA3,3
RPRD1A,3
NAA15,3
QDPR,3
NADK2,3
CWF19L1,3
THUMPD1,3
WBP2,3
GDPD1,3
STXBP2,3
UFL1,3
C1R,3
C1S,3
ADSS,3
VASN,3
FASN,3
DNAJA4,3
RAPH1,3
UBE2O,3
PGP,3
PDK3,3
VWF,3
GOLPH3L,3
FAM177A1,3
CDH13,3
PTER,3
RABEP1,3
SH3D19,3
APPL2,3
MTURN,3
TP53I11,3
SEC23IP,3
AHCY,3
NAPA,3
ANXA5,3
RNPEP,3
NLE1,3
TDRKH,3
HSDL1,3
IFI35,3
CYB5R1,3
IPO9,3
AK1,3
ADNP,3
EIF5A,3
RALY,3
ESYT2,3
GUSB,3
PAPOLA,3
B2M,3
SCP2,3
MCCC1,3
RBM26,3
ZADH2,3
IDH2,3
ACP6,3
RPS6KA3,3
PPIB,3
NANS,3
FN3KRP,3
MMAB,3
PEPD,3
ATP2B4,3
NARS2,3
ACOT1,3
COPG2,3
SLC25A22,3
USP8,3
PRRC1,3
GHDC,3
RECQL,3
ARPIN,3
PPIL3,3
ZCCHC8,3
RCN2,3
RNMT,3
GIPC1,3
EGLN1,3
DTYMK,3
CCDC50,3
EFNB1,3
NUP153,3
KCNAB2,3
NAAA,3
ACP2,3
PPP1R13L,3
GNG2,3
EFEMP2,3
ILF3,3
TPM1,3
GPALPP1,3
DHRS3,3
AKAP13,3
SLC7A1,3
SP100,3
GBA,3
TAPBP,3
PTPRF,3
PPCS,3
NEK7,3
CLCN3,3
HS2ST1,3
SRPRA,3
POFUT2,3
PXN,3
DOCK7,3
PLIN2,3
BCL10,3
LCLAT1,3
FGL2,3
ADPGK,3
TMOD3,3
SNCA,3
MOGS,3
CRMP1,3
L1CAM,3
ITGA7,3
HTRA1,3
FARSB,3
JCHAIN,3
FBN1,3
SLC25A1,3
ENO2,3
TMEM87A,3
CASC4,3
SMAD2,3
EIF2A,3
SUPV3L1,3
OARD1,3
ERLEC1,3
UBE4A,3
TIMM50,3
SARS2,3
MEPCE,3
PIK3R1,3
USP39,3
PICALM,3
STXBP5,3
PNPT1,3
GCN1,3
RELCH,3
KRT5,3
ALDH1L2,3
CAPS,3
THSD4,3
CHL1,3
KRT17,3
OXR1,3
RANBP1,3
STIP1,3
PPP5C,3
RRP1B,3
LYAR,3
UBA2,3
SAAL1,3
DDX18,3
DBR1,3
GRIPAP1,3
RFC5,3
TNKS1BP1,3
CASP3,3
CPQ,3
TBC1D24,3
PTGDS,3
COIL,3
PCCA,3
HIBCH,3
HADH,3
ARFIP1,3
IDI1,3
METTL13,3
COG3,3
KRT7,3
KRT8,3
PDXDC1,3
PRELP,3
ADH1B,3
GMDS,3
SFN,3
KRT19,3
PIGR,3
COMP,3
LAMA3,3
LTBP2,3
MFAP4,3
FBLN5,3
ANGPTL2,3
NT5DC3,3
BZW1,3
ARHGAP5,3
ACE,3
ITSN2,3
STK4,3
MYH10,3
TNXB,3
PRKCI,3
NCK1,3
CMTR1,3
APLP2,3
NT5C3A,3
TLDC1,3
SCCPDH,3
THNSL1,3
PLGRKT,3
OTULIN,3
BAG1,3
DHX29,3
SRC,3
ME2,3
CIRBP,3
SETD3,3
TOP2B,3
ICA1,3
RAB34,3
DMXL1,3
PNKD,3
NEO1,3
PDGFRB,3
ABCC4,3
KIAA0319L,3
MYO5C,3
GALK2,3
PLS1,3
TMEM173,3
GOLIM4,3
SLC2A1,3
THEM6,3
TOM1,3
RAB23,3
CD82,3
SGPL1,3
GAPDH,3
ASCC3,3
PLTP,3
CTSA,3
CTSD,3
SOAT1,3
MXRA5,3
COL12A1,3
EIF2AK2,3
NUB1,3
STAT2,3
XPOT,3
HSPA4,3
MATN2,3
ABCF2,3
PTGIS,3
CYP7B1,3
PLXDC2,3
GIMAP1,3
SP110,3
IFIT5,3
CUL4A,3
DENND4C,3
CTPS2,3
COL1A1,3
ERBB2,3
NUP50,3
ARRB2,3
PTPN12,3
TPMT,3
GMFG,3
ACLY,3
PSME3,3
NOP2,3
ABHD11,3
AEBP1,3
KRT18,3
MVD,3
ARFIP2,3
LGALSL,3
DNAJC10,3
COL4A3BP,3
XPNPEP1,3
HYOU1,3
GNPNAT1,3
NAT1,3
OAT,3
EPHB3,3
ANPEP,3
NAT10,3
DECR2,3
ASPN,3
SUGT1,3
TOR1B,3
NUDT9,3
HMGN5,3
PAK2,3
LYPLA2,3
PCYT1A,3
ACAP2,3
TTC1,3
TXNL1,3
CAB39,3
PGAM5,3
TXN,3
HARS,3
UMPS,3
PDCD6IP,3
HK1,3
VPS13C,3
UBR1,3
GPD2,3
DNM1L,3
PAIP1,3
FXR1,3
UBA6,3
NUMA1,3
DNAJC7,3
SH3GLB1,3
ARMCX2,3
WDR43,3
STAU2,3
USP47,3
GAPVD1,3
METTL16,3
RPRD2,3
N4BP1,3
UBAP2,3
DLST,3
HCCS,3
PKN2,3
EIF4G2,3
EPRS,3
STAMBP,3
AGFG1,3
NUMB,3
PPP4R1,3
NT5C2,3
FUBP3,3
GOPC,3
GRHPR,3
HINT2,3
AGL,3
LTA4H,3
ARHGEF1,3
SEMA4B,3
UBE3C,3
L2HGDH,3
SPAG9,3
DNAJC2,3
HOOK3,3
HSPA12B,3
NEDD4,3
UBE2Q1,3
ARMT1,3
CUL2,3
DENND3,3
SYNJ2,3
TBC1D1,3
IMPDH1,3
LRRFIP2,3
CKAP5,3
LARP4B,3
PPP2R5D,3
HERC4,3
CAMSAP3,3
DHX57,3
RASAL2,3
GGA2,3
ARSB,3
ALDH18A1,3
DPP3,3
FAM172A,3
MSRA,3
SEPSECS,3
TATDN1,3
PRKAB1,3
AP1G1,3
OLA1,3
POP1,3
PDCD11,3
UBE2G1,3
GGCT,3
RAB27B,3
FLAD1,3
RASA1,3
GFPT1,3
TBC1D5,3
ADAR,3
ROCK2,3
BPNT1,3
MTMR12,3
PITRM1,3
CMPK1,3
UGGT1,3
MPST,3
SCYL2,3
AVL9,3
KLC4,3
SLC25A13,3
NTPCR,3
TPP2,3
CARS2,3
NQO1,3
ARFGEF1,3
SFXN3,3
TPD52,3
NAPG,3
DUT,3
PAFAH1B1,3
HGH1,3
ELAC2,3
SH3BGRL,3
DDX19A,3
MAP2K4,3
TCEA1,3
HARS2,3
VCPIP1,3
YWHAZ,3
NIPSNAP1,3
HSPD1,3
CUL5,3
NPEPPS,3
RBKS,3
CTBP2,3
CPNE3,3
GOT2,3
SIRT5,3
DNAJA3,3
HIBADH,3
CSTB,3
TALDO1,3
CDK5,3
HSPA9,3
CCDC25,3
NMNAT1,3
DARS2,3
OGFR,3
CBX5,3
GOLPH3,3
ACAT1,3
CNPY3,3
NSDHL,3
ARMCX3,3
PCM1,3
DNAJA2,3
ALDH1B1,3
CPOX,3
ECH1,3
NOLC1,3
NUDC,3
CD47,3
PUS1,3
USP14,3
NSFL1C,3
MACROD1,3
ALDOA,3
SOD2,3
SRI,3
SNX30,3
ACO1,3
CKB,3
GGT7,3
BCL2L1,3
VAT1,3
DCN,3
DOCK1,3
PUDP,3
ERGIC1,3
PRKCA,3
RAB3IP,3
HAAO,3
RETSAT,3
DHRS1,3
CPT2,3
AIFM1,3
HEBP1,3
TTC38,3
APMAP,3
WDR44,3
ERMP1,3
GCLC,3
HSPB1,3
TP53BP1,3
ASPH,3
MVK,3
WRNIP1,3
CARS,3
NASP,3
NARS,3
PSPH,3
PPME1,3
G6PD,3
FDXR,3
NUDCD3,3
DUSP3,3
RHEB,3
TARS2,3
DNAJA1,3
SBDS,3
STK3,3
LACTB,3
PSMD5,3
DYNC1LI1,3
SYAP1,3
STAT5B,3
ANKMY2,3
MGP,3
STAU1,3
RIPK2,3
UBR7,3
ACSL4,3
SH3BP4,3
UBFD1,3
ISOC1,3
AACS,3
NUDT12,3
NEK9,3
GSTP1,3
LANCL2,3
PDK1,3
FAM114A2,3
DHTKD1,3
ERP44,3
TINAGL1,3
PGRMC1,3
LPCAT3,3
TWF2,3
TKT,3
PROCR,3
MPP1,3
PGM1,3
RRAS,3
POGLUT1,3
ITGA1,3
ALG2,3
DPY19L1,3
STBD1,3
GSTO1,3
INPP5A,3
PPP4R3A,3
LRRC1,3
SHC1,3
LRRFIP1,3
DES,3
FBXO6,3
USP7,3
RASSF2,3
ATP6V1B2,3
CHMP7,3
STAT3,3
TPD52L2,3
LPIN2,3
FAM3C,3
PRKDC,3
CHMP4B,3
CUL4B,3
SCRIB,3
GNL1,3
GPI,3
IPO5,3
PA2G4,3
VPS4B,3
MAPRE1,3
DNAJC3,3
SMCHD1,3
FMR1,3
ABCF1,3
RUFY1,3
PDLIM4,3
EHD4,3
CLIC1,3
TMEM43,3
RAB32,3
ESYT1,3
CC2D1A,3
XRN2,3
ANKFY1,3
POFUT1,3
ATXN10,3
FCGRT,3
FARP1,3
PRMT1,3
MEST,3
TRIM28,3
SLC27A1,3
RARRES2,3
PBXIP1,3
CNN3,3
S100A9,3
RRM1,3
SDC2,3
WFS1,3
GNG7,3
SQSTM1,3
FN3K,3
TRIM47,3
IMPDH2,3
VCP,3
HVCN1,3
CLTB,3
TSPAN6,3
GPC1,3
HMOX2,3
CDC37,3
WDR1,3
PSPC1,3
CST3,3
STK24,3
CYP51A1,3
OAS1,3
CD99L2,3
UCHL3,3
C2CD5,3
DIS3,3
SH3GLB2,3
ADSL,3
TTC19,3
TNS1,3
MCMBP,3
MYL9,3
PARVA,3
PRMT5,3
EIF6,3
MAP2K1,3
SEC24A,3
FBXO4,3
CASK,3
BCL2L13,3
IMPACT,3
AHCYL2,3
ALOX5AP,3
RRBP1,3
SNX18,3
AAGAB,3
NUDT15,3
TTC27,3
NUDT5,3
AASDHPPT,3
IKBKB,3
EML2,3
ABCC1,3
ABCB6,3
CRKL,3
SNX33,3
GTF3C4,3
REPS1,3
ARL6IP5,3
SLC12A7,3
PPP2R2A,3
USP5,3
FAF2,3
PDCD6,3
LRRC47,3
ABCE1,3
ZPR1,3
ARHGAP1,3
NME1,3
CLUH,3
PBDC1,3
CAPRIN1,3
STX7,3
SYNCRIP,3
THUMPD3,3
NMT1,3
SEC23A,3
STRAP,3
DDAH2,3
DNASE2,3
HS1BP3,3
PTMS,3
HSD17B4,3
UAP1L1,3
EEFSEC,3
DTD1,3
PARN,3
SNX8,3
LBR,3
SRM,3
PRXL2B,3
CARHSP1,3
VPS26B,3
LHPP,3
PMM2,3
PDXK,3
PLSCR1,3
CD9,3
PRNP,3
MRTO4,3
LXN,3
PPM1G,3
STX3,3
SIRT2,3
HPRT1,3
CARM1,3
GLS,3
EIF2D,3
BCCIP,3
CRIP1,3
TRAP1,3
PPP3CA,3
HMCES,3
RUVBL1,3
NPM3,3
SERPINA4,4
C4BPB,4
SERPINA10,4
F9,4
ITIH2,4
LMNB2,4
F12,4
FETUB,4
ENO3,4
C8G,4
KLKB1,4
CPB2,4
APOF,4
APOA4,4
SAP18,4
AFM,4
AMBP,4
FGA,4
PLG,4
MRPL43,4
MED8,4
GC,4
HPX,4
HIST1H1E,4
PGLYRP2,4
CDK9,4
FGB,4
C5,4
F2,4
HABP2,4
VTN,4
AHSG,4
APOC1,4
APOM,4
HPR,4
A1BG,4
LPA,4
CPN1,4
SERPINA7,4
APOB,4
APOC3,4
HRG,4
KNG1,4
APOH,4
TTR,4
ITIH4,4
PON1,4
SERPINC1,4
SERPIND1,4
GPS1,4
PSMB6,4
TOMM20,4
YIPF4,4
SUPT4H1,4
PIH1D1,4
YME1L1,4
PSMA2,4
MRPL54,4
POLR2E,4
PIGK,4
CSNK2B,4
LAGE3,4
BRK1,4
SPTB,4
TUBGCP2,4
PSMB1,4
MRPL23,4
COPS8,4
EXOSC4,4
PPP6C,4
TRAPPC12,4
BCAS2,4
THOC7,4
MRPL14,4
BLOC1S3,4
COPS6,4
CIAO1,4
VPS16,4
CSNK1D,4
NDUFA2,4
IDH3G,4
CCDC93,4
APOA1,4
RPL36,4
KIDINS220,4
CDC42,4
PSMC5,4
DCTN4,4
ATP5O,4
VPS28,4
COQ5,4
DRAP1,4
SCAF1,4
POLR2A,4
LAMTOR3,4
ANAPC2,4
PAF1,4
NDUFA8,4
RPS11,4
COPS5,4
NDUFB9,4
NDUFS3,4
NDUFB3,4
NDUFS6,4
NDUFV2,4
NDUFA7,4
NDUFB4,4
NDUFS5,4
NDUFS4,4
NDUFA12,4
TPRKB,4
NOP10,4
POLR2L,4
RPS27A,4
UBL7,4
BRCC3,4
ALB,4
NDUFA5,4
LSM3,4
HIST1H1C,4
RPS29,4
RPS14,4
TRAPPC5,4
EMC2,4
EMC4,4
ACTR10,4
NDUFAF3,4
RPS23,4
COMMD7,4
MLST8,4
PFDN5,4
CCDC115,4
RPL15,4
PDZD11,4
ARPC1A,4
RNF7,4
COMMD4,4
CDK5RAP3,4
CCDC22,4
COX7A2L,4
INTS1,4
COX6C,4
BPI,4
USMG5,4
UQCR10,4
TRAPPC13,4
AP2S1,4
PZP,4
COX7C,4
NDUFA6,4
ATP5H,4
ATP5F1,4
ATP5I,4
HSPA6,4
MRPL17,4
GNG5,4
NDUFA11,4
NDUFB7,4
DPH1,4
NDUFB5,4
SDHC,4
ORM2,4
CYTH2,4
ATP5L,4
DCTN5,4
COX7A2,4
VPS52,4
SPTA1,4
RPL29,4
TRAPPC1,4
NDUFB8,4
NDUFA13,4
DAD1,4
FIBP,4
OGT,4
NDUFA9,4
DYNC1I1,5
ROGDI,5
PRPH,5
WASF2,5
MED4,5
ERH,5
RPA3,5
SNRPB2,5
TP53RK,5
CNOT10,5
NUP54,5
SNRPE,5
DCTN1,5
CAMP,5
TUBB4A,5
C4BPA,5
TSC2,5
ITIH3,5
IGFALS,5
OGFOD2,5
CTNNB1,5
NDUFS1,5
NDUFS2,5
CPN2,5
SNRNP70,5
RAC1,5
DGUOK,5
LSM7,5
EIF3E,5
IK,5
RPS15A,5
MTX2,5
EIF3L,5
CLP1,5
EEF1G,5
EIF3F,5
PSMA7,5
LSM8,5
PSMB4,5
INTS5,5
POLR2G,5
LSM4,5
CA1,5
POLR2C,5
UXT,5
NDUFV1,5
PHF5A,5
PCCB,5
WDR24,5
SNX4,5
ERGIC3,5
VPS26C,5
EMC3,5
EIF2B4,5
STK11IP,5
GPAA1,5
SRSF5,5
LENG8,5
RPL10,5
NDUFB6,5
VPS33A,5
ANK1,5
AP3M1,5
ANAPC5,5
EMC7,5
RPL35A,5
NXF1,5
SNX5,5
TMCO1,5
MRPS6,5
PRPF39,5
EXOSC5,5
PPP3R1,5
NFYC,5
POLR3D,5
MED14,5
C6,5
SNAPIN,5
BLOC1S4,5
MFAP1,5
RPL7,5
PRTN3,5
RPS15,5
RPS24,5
ELANE,5
BLOC1S1,5
RPL14,5
RPS20,5
RPS21,5
RPL30,5
RPL23,5
COMMD5,5
SNF8,5
MRPS11,5
RPL23A,5
ATP5C1,5
RPL34,5
RPL13A,5
VPS25,5
NDUFS8,5
RPL28,5
C9,5
SERPINA6,5
TPM3,5
MCM3AP,5
APOA2,5
ORM1,5
VPS29,5
LIN7C,5
RPL19,5
RPL13,5
RPL27A,5
SNX14,5
RPL18,5
MBD3,5
ATP6V1G1,5
RPL35,5
RPL24,5
EXOC8,5
RPL26,5
RPS6,5
RPL27,5
SRRM2,5
FGG,5
HMG20A,5
RINT1,5
HERC1,5
RPL31,5
UQCRB,5
AQR,5
CCNK,5
CHP1,5
MRPS30,5
COMMD8,5
COMMD9,5
AP2B1,5
RPL32,5
HECTD3,5
NDUFS7,5
PPP1CB,5
ACTBL2,5
SNU13,5
CHTOP,5
RABL3,5
PPP1CC,5
VPS41,5
RNF123,5
TRAPPC9,5
SYMPK,5
NDUFAF5,5
RING1,5
GNPDA2,5
UBL5,5
TMEM199,5
PPIE,5
TAB1,5
RPL4,5
DCTN2,5
RPL17,5
HSPA1L,5
BLOC1S2,5
RPS9,5
MMGT1,5
ATP5D,5
RPL3,5
SMC1A,5
EEF2,5
DRG2,5
SF3B2,5
TAF6,5
RBM25,5
RPS4X,5
SF3B1,5
RPL11,5
RPS3A,5
RPS13,5
RPL6,5
RPL8,5
RPS16,5
DPM1,5
ARPC3,5
DDX17,5
RPS3,5
SPG11,5
RPS19,5
TSPYL1,5
CXXC1,5
PPP2R2D,5
BLOC1S6,5
NDUFA10,5
RPS5,5
NOL7,5
PRKACA,5
RBM42,5
ALG13,5
HP1BP3,5
RAP2C,5
USF2,5
CRTC2,5
RABGGTB,5
RAB3GAP1,5
RBP4,5
COPS3,5
COG2,5
RAB8A,5
UQCRQ,5
NDUFB10,5
ATRN,5
SUCLG1,5
ATP5A1,5
PDHB,5
MRPS36,5
UQCRC1,5
TFIP11,5
ATP5B,5
NFYB,5
SAP30BP,5
RBM17,5
NFKBIB,5
COQ7,5
DDX5,5
SDHB,5
EIF1,5
CTNNA1,5
ANAPC4,5
PRKAR1A,5
DDRGK1,5
MAU2,5
UGGT2,5
SF1,5
BRD9,5
GABPA,5
GPN1,5
ERCC2,5
EIF3H,5
GNB1,5
SRP19,5
THOC5,5
EXOC5,5
STX10,5
DDX41,5
EXOC4,5
CHD2,5
COA5,5
ABCB8,5
BORCS7,5
MTX1,5
IMMT,5
PRKAG1,5
SMG9,5
SF3A1,5
POLR3B,5
TMEM9B,5
UQCC2,5
ANKIB1,5
CALM1,5
NF2,5
PSEN1,5
TRIP4,5
CAPZA2,5
ZSWIM8,5
GNAI3,5
NRAS,5
GNB2,5
ZC3H13,5
TRAPPC2L,5
TMEM30A,5
MPHOSPH8,5
PSMC3,5
SART1,5
CLEC3B,5
SNX17,5
CDK4,5
LEO1,5
PNN,5
TMEM209,5
PIK3R4,5
TGOLN2,5
DCTN6,5
RBMXL1,5
FIG4,5
SEH1L,5
HMGN4,5
AP5Z1,5
RNF20,5
PPP2R1B,5
PSMD6,5
MRPS9,5
PTCD3,5
MRPL10,5
EIF2B2,5
CPSF2,5
VPS51,5
EXOSC7,5
MRPL38,5
RALBP1,5
GID8,5
MLLT1,5
TRMT112,5
PPP2R1A,5
RTCB,5
GTF2F1,5
CFP,5
COQ6,5
GTPBP10,5
EXOC3,5
MRPS18B,5
KRAS,5
MRPL24,5
UBXN4,5
MRPS7,5
EIF4A2,5
TMEM11,5
COG4,5
MORF4L1,5
ATP6V1D,5
MRPL2,5
RWDD1,5
KIFAP3,5
COMMD1,5
PIGG,5
WDR13,5
MRPS2,5
WDR77,5
CFB,5
PPP1CA,5
TRAPPC4,5
MRPL13,5
MED30,5
ARL6IP4,5
POLR3A,5
EXOC7,5
COG1,5
DERA,5
COMMD2,5
MRPL48,5
GATB,5
CMC1,5
MRPL49,5
ZMIZ1,5
APOOL,5
MRPS28,5
COA6,5
CCDC90B,5
TUBB,5
TUBA1C,5
DOHH,5
TMEM126A,5
TUBB4B,5
TIMM13,5
MPC2,5
CWC15,5
PPIG,5
LYRM4,5
PIK3R2,5
RANBP2,5
PPP4C,5
COMMD10,5
PSMG2,5
DPF2,5
CPSF4,5
PHB,5
GORASP1,5
KRT10,5
TTN,5
BPGM,5
KRT1,5
KRT9,5
PPP2CA,5
HECTD1,5
ACTA1,5
AP1S1,5
RABGEF1,5
COPA,5
MPV17,5
CCDC12,5
COPS2,5
EMC1,5
ATP6AP2,5
SCFD2,5
MAN2C1,5
VPS8,5
BIN3,5
SAMM50,5
COX6B1,5
LARP7,5
PMPCB,5
RPP30,5
MRPS10,5
AP2M1,5
RAB11B,5
MRPL22,5
MRPL18,5
COG8,5
SERPINF2,5
MRPL44,5
RCL1,5
MED24,5
MRPL9,5
SF3B6,5
SNRPC,5
MRPL53,5
GGA3,5
SYF2,5
WDR61,5
MRPL21,5
PSMD12,5
YIPF3,5
MRPS17,5
MRPL39,5
SPG7,5
MRPS25,5
PLRG1,5
PSMD7,5
TMEM167A,5
PSMD1,5
PFDN6,5
COPS4,5
INTS2,5
MRPL19,5
WDR59,5
MRPL37,5
EIF3K,5
GADD45GIP1,5
PSMC4,5
PSMD14,5
COPS7A,5
SH2B1,5
MRPL47,5
MRPL3,5
MRPS35,5
SLIRP,5
PSMD8,5
EMC10,5
DDB1,5
EIF2B5,5
KRT2,5
TELO2,5
A2M,5
BRD7,5
GAR1,5
TF,5
INTS8,5
TXNDC15,5
AGT,5
ANG,5
UBE2G2,5
PTRH1,5
MRPL46,5
EPN1,5
MRPS31,5
SMARCA5,5
EXOSC6,5
SNRPD3,5
NFYA,5
RNF40,5
H2AFY,5
NUP43,5
NACA,5
NHP2,5
MRPS23,5
SPNS1,5
CD5L,5
ITIH1,5
LAMTOR2,5
AZU1,5
RPL9,5
RAB2B,5
MPO,5
MED15,5
CTSG,5
UTP3,5
SKIV2L,5
MRPL40,5
MRPL41,5
MRPS34,5
NAA35,5
TRAPPC11,5
SSR3,5
COX5B,5
NDUFB11,5
NDUFA4,5
USE1,5
MYL6B,5
DRG1,5
TBCK,5
IDH3B,5
RPL22,5
HGS,5
DYNLRB1,5
HNRNPK,6
XRCC5,6
LDB1,6
NRF1,6
SRSF7,6
SGCB,6
SYVN1,6
TJAP1,6
NUTF2,6
CRTC1,6
GNA11,6
CLEC16A,6
GFER,6
GTF2B,6
LONP2,6
ZNF830,6
MPG,6
NRBP1,6
ATP2A2,6
AP2A1,6
SAMD4B,6
PTP4A2,6
ELP2,6
RAD23A,6
PHKG2,6
DIABLO,6
MPHOSPH10,6
WDR35,6
TXNL4A,6
TARDBP,6
NAE1,6
RPTOR,6
NDUFAB1,6
NDUFAF6,6
NCOR2,6
NARFL,6
CD2BP2,6
NUBP2,6
EMC8,6
TBC1D10B,6
ETFA,6
NIPSNAP3A,6
PHACTR4,6
ARIH1,6
SMIM20,6
UBE2F,6
GOLGA7,6
BRD4,6
WIZ,6
SLC30A9,6
CCDC9,6
PRDX2,6
ISOC2,6
MAT2A,6
EIF3D,6
CIZ1,6
BORCS5,6
SLC25A4,6
CNOT3,6
SRP14,6
PPP1R8,6
CARD19,6
UQCRH,6
UQCRC2,6
UBR4,6
MTCH1,6
SUMO1,6
MFN2,6
NFATC2IP,6
EIF3G,6
BUD31,6
FLOT1,6
SKIV2L2,6
CFH,6
UBE2V2,6
ATP6AP1,6
MECP2,6
DPT,6
LSM12,6
HNRNPH3,6
MYADM,6
DPP7,6
TRMT11,6
NAP1L1,6
EIF1AX,6
MROH1,6
FNTA,6
CPTP,6
PTPN23,6
MAK16,6
RAD21,6
RBM22,6
PACS1,6
UBA3,6
GLT8D1,6
DYNLT1,6
AP3D1,6
ATXN2L,6
ARMC1,6
SPPL2A,6
SLC38A10,6
CLTC,6
MTA2,6
PEX11B,6
ATP6V0C,6
PQBP1,6
MEMO1,6
ZNF512,6
EEF1D,6
APOL1,6
FBXO7,6
NPTN,6
TAMM41,6
EXOG,6
MTFR1L,6
PGGT1B,6
SSU72,6
TRRAP,6
BANF1,6
DYNC1I2,6
TRMT61A,6
PPP2CB,6
GNA13,6
TRPT1,6
ENGASE,6
ARFRP1,6
NDUFAF7,6
ARF6,6
DLD,6
PGLS,6
ATG4B,6
HTRA2,6
MBD1,6
RPE,6
PHKB,6
NACC1,6
UBE2N,6
PARK7,6
RAB14,6
CLNS1A,6
TBCD,6
API5,6
DNAJC19,6
TNPO2,6
CAPNS1,6
RPP40,6
PTPMT1,6
CYHR1,6
MRPL1,6
NOSIP,6
SDR39U1,6
FKBP8,6
MAP1S,6
DAGLB,6
PSMC2,6
SKP1,6
CSTF2T,6
ENY2,6
UBE2A,6
DNTTIP2,6
ITFG1,6
TMED10,6
MRPS26,6
AIMP1,6
HSPA8,6
SPATA5L1,6
RNF31,6
YWHAB,6
MCTS1,6
NUPL2,6
HSPB11,6
PHKA2,6
MON1B,6
CLPX,6
PFDN1,6
VPS35,6
STRIP1,6
DAPK3,6
AKT1S1,6
NELFB,6
PPP1R12C,6
ATXN2,6
RAB1A,6
RAB35,6
PEX6,6
DYM,6
BIRC6,6
EXOC1,6
ZNF330,6
RNF126,6
RALGAPB,6
STX4,6
VBP1,6
OXA1L,6
CTNNBL1,6
BSG,6
ADRM1,6
SURF6,6
EIF4B,6
NBAS,6
HEATR5B,6
DDX51,6
EBNA1BP2,6
TOMM22,6
AGRN,6
MRPL4,6
UBAC1,6
MFN1,6
STX18,6
SMNDC1,6
RHOT2,6
PIK3C3,6
DAP3,6
SNW1,6
MRPL15,6
CHMP6,6
KCMF1,6
ELMO2,6
PFDN4,6
NOL6,6
GNB4,6
FAM160B2,6
WTAP,6
MATR3,6
TRA2B,6
SRSF10,6
HNRNPL,6
SRSF1,6
SNRPF,6
POLR2B,6
BUB3,6
THOC6,6
SRSF2,6
SF3A3,6
RAP1A,6
PIP5K1C,6
SRSF3,6
SMARCB1,6
WDR18,6
BAD,6
SEC62,6
TMEM201,6
SMARCD2,6
WDR11,6
TBC1D17,6
PI4KA,6
VPS53,6
LSM2,6
MED18,6
SAP130,6
MEN1,6
SF3A2,6
ZNF207,6
POLR2D,6
GTF3C3,6
ILF2,6
PSMG3,6
PTBP1,6
PRPF4,6
UTP15,6
SRP72,6
NELFCD,6
LSM6,6
ZNF428,6
PSMA5,6
SNRPD2,6
SNRPD1,6
NCBP2,6
PSMA4,6
CCT7,6
ORC3,6
SMU1,6
CCT6A,6
CCT3,6
CCT5,6
HIST1H1B,6
POLR3F,6
ADD1,6
SNRPA1,6
DAZAP1,6
PPP4R2,6
POP7,6
EIF3M,6
MRPL11,6
NAA10,6
NUDT21,6
RHOA,6
MRPS22,6
MRPS5,6
GLE1,6
RMND5A,6
PSMB2,6
CNOT11,6
ACTN2,6
PSMA1,6
PSMD13,6
AAAS,6
SARNP,6
TBL3,6
NOC4L,6
ATP6V1H,6
CDC23,6
CRTAP,6
SPTAN1,6
EIF4E2,6
PBRM1,6
COG5,6
JAGN1,6
ATP6V1E1,6
CTR9,6
HBD,6
WDR36,6
RHOB,6
VPS37C,6
COPB2,6
ACTR3,6
ACTR2,6
AGO1,6
GMFB,6
DDX39B,6
PSMC6,6
CCT4,6
PSMA3,6
STT3A,6
NUP58,6
DVL3,6
ACTR1B,6
HNRNPDL,6
ARPC5L,6
VPS18,6
MRPS27,6
TSEN34,6
ARPC4,6
ARL2,6
FAM96A,6
TGFBRAP1,6
RAB8B,6
PROS1,6
SF3B4,6
SMARCE1,6
NUP62,6
PSMB5,6
PSMB7,6
COPZ1,6
TMED2,6
MAGT1,6
ASCC1,6
HPS6,6
MED23,6
SRSF11,6
SEC61B,6
SETD1A,6
LUC7L,6
SEC11A,6
INTS4,6
TUBA4A,6
FARSA,6
NKIRAS2,6
SNRNP40,6
RNPS1,6
PRPF31,6
SNRPA,6
EIF3I,6
MAD1L1,6
WDR6,6
ARPP19,6
FTH1,6
LMF2,6
PSMA6,6
DDX1,6
ASCC2,6
EEF1B2,6
RPL5,6
RBM7,6
EXOC2,6
GABARAPL2,6
MED17,6
FRMD8,6
DYNLL1,6
RANBP6,6
XAB2,6
LRWD1,6
EFR3A,6
BABAM1,6
SERINC1,6
MVB12A,6
CPSF1,6
TPT1,6
PRPF8,6
SNX6,6
DDX6,6
SEC13,6
LTF,6
CRISP3,6
DIP2A,6
PPP1R10,6
ZFP91,6
AZGP1,6
SERPINA3,6
HCFC1,6
LRG1,6
SERPINA1,6
PRPF38A,6
EEF1A2,6
PYGM,6
GNAI1,6
SP1,6
WDR45,6
CDC73,6
TSNAX,6
RNASEH2C,6
NCLN,6
ARF5,6
COPE,6
ATP6V1F,6
PDCD10,6
CP,6
HP,6
LBP,6
ATG5,6
CLCN7,6
ARGLU1,6
RAP1B,6
VIPAS39,6
PRRC2C,6
PGRMC2,6
ZC3H4,6
PRRC2A,6
ZYG11B,6
CREBBP,6
DMAP1,6
RAB13,6
BCKDHA,6
PNPLA8,6
SMARCA4,6
RAB4A,6
TAF4,6
RNASEH2A,6
C1RL,6
MIF4GD,6
BAG6,6
PHC2,6
LAMA5,6
GTF3C1,6
SRSF4,6
PPP1R11,6
COQ3,6
PTBP2,6
AP1S2,6
WDR82,6
CLU,6
D2HGDH,6
PDHX,6
THRAP3,6
SERF2,6
MAPK14,6
COG7,6
MPZL1,6
HSPA1A,6
PDXP,6
HNRNPA2B1,6
SFPQ,6
FUS,6
XRCC6,6
SOD1,6
TRAPPC6B,6
ACIN1,6
SLC25A25,6
SMARCD1,6
KHDRBS1,6
SNRNP200,6
BRD2,6
ANAPC1,6
COL4A1,6
CFAP20,6
RBM14,6
SF3B3,6
EWSR1,6
GNAS,6
PDHA1,6
RBM39,6
RSRC2,6
HNRNPH1,6
GSPT2,6
TMED1,6
KLC1,6
TMED9,6
DDOST,6
RPN2,6
RPN1,6
SEC61A1,6
FTL,6
SLC4A1,6
WASF3,6
CASKIN2,6
DMTN,6
RAB5A,6
GMEB1,6
CIB1,6
NOC2L,6
EXOSC3,6
RNASE4,6
PICK1,6
LAS1L,6
AP3M2,6
NOL9,6
SREK1,6
APOD,6
GPX3,6
SRP68,6
COPB1,6
IREB2,6
ZC3HC1,6
RBM45,6
YEATS4,6
WDR92,6
PRKAA1,6
INTS9,6
PSMD3,6
EXOSC8,6
RAB5B,6
HECTD4,6
STXBP3,6
TUBB2A,6
DAG1,6
SBF1,6
HNRNPLL,6
VPS11,6
UTP4,6
MED20,6
INTS7,6
SGSH,6
POLR3C,6
HAX1,6
FAM98B,6
PHF14,6
SRRM1,6
RBM33,6
FLII,6
NUP188,6
CHERP,6
BORCS6,6
CBX3,6
GEMIN4,6
EXOSC9,6
DDX20,6
EXOSC2,6
NUP85,6
PFDN2,6
NOP58,6
SRSF6,6
CNOT1,6
TRIM56,6
LIMS1,6
BRD8,6
CA3,6
SARM1,6
MINK1,6
FBN2,6
MYL6,6
STIM2,6
ATL2,7
STX5,7
MIOS,7
GUF1,7
PEX1,7
PRPSAP1,7
ZNF598,7
SSSCA1,7
ARMC8,7
DENR,7
RALA,7
TM9SF3,7
SUPT6H,7
NFU1,7
COA3,7
TRIP11,7
LTN1,7
MAX,7
VPS33B,7
HINT1,7
NUDT16L1,7
TRAPPC8,7
UBA5,7
NIT1,7
APOO,7
PPIP5K2,7
SLC25A5,7
YARS2,7
RANGAP1,7
CLSTN1,7
ZMYND8,7
SH3GL1,7
MTMR2,7
TMEM68,7
YES1,7
ARFGAP1,7
MTHFR,7
UBQLN1,7
HSP90AB1,7
RALB,7
NISCH,7
BRIX1,7
SMG8,7
UBR5,7
ZFPL1,7
RAB1B,7
GNPAT,7
UBQLN2,7
ZC3H18,7
MGST3,7
TERF2IP,7
COL7A1,7
GCC2,7
COG6,7
OSBPL5,7
RUFY2,7
MICU1,7
EXOC6,7
GEMIN2,7
USP19,7
UPF1,7
DICER1,7
ZNF24,7
ZNF638,7
UBR3,7
DHX8,7
DDX42,7
ETFB,7
MTMR6,7
TRMT2A,7
SUB1,7
FXR2,7
MIEN1,7
PEX19,7
MDN1,7
DCP1B,7
TRIM32,7
PRKAB2,7
ZFYVE16,7
AFTPH,7
FTO,7
USP16,7
GCSH,7
TRMT1L,7
TXNRD2,7
PABPC4,7
GFM2,7
HDDC2,7
CASP9,7
RPS6KB1,7
MAP3K6,7
SHOC2,7
OSBPL9,7
GBF1,7
AIDA,7
PKN1,7
CRYZL1,7
SCYL1,7
TCEAL4,7
HEXIM1,7
VPS37A,7
TERF2,7
COASY,7
STK38,7
SUN1,7
PAK4,7
FAM192A,7
RTN4IP1,7
MRRF,7
CYC1,7
SUPT5H,7
PRDX3,7
ABHD16A,7
TTC37,7
SUCLA2,7
PARS2,7
WARS2,7
MECR,7
CBR4,7
DBT,7
MUT,7
AKTIP,7
MCEE,7
WIPI2,7
OXSM,7
ARL6IP1,7
SLC25A46,7
CHD4,7
ZRANB2,7
ARL8B,7
PDF,7
CLTA,7
TOR1AIP2,7
GIGYF2,7
PHYKPL,7
IPO13,7
PHAX,7
MOB2,7
VWA1,7
RBCK1,7
CHCHD3,7
SLC25A3,7
EDF1,7
TBK1,7
COX4I1,7
COX5A,7
AP1M1,7
MON2,7
LYRM7,7
TMEM214,7
SLTM,7
TMUB1,7
ARL1,7
GMPPA,7
SCAF11,7
BTAF1,7
LRCH3,7
SEC23B,7
NAA50,7
PLBD2,7
DDX3X,7
RP2,7
ATP6V1A,7
CHCHD6,7
LAMB2,7
NUMBL,7
TMED5,7
PCNP,7
SMARCA2,7
GOLGB1,7
NCKAP1,7
PCF11,7
EIF5B,7
ULK3,7
AP3S1,7
VPS50,7
TXNDC9,7
PSMD2,7
CAPN7,7
BCS1L,7
TSG101,7
NUCKS1,7
KRT13,7
PLXNA1,7
CNBP,7
POU2F1,7
RANBP10,7
RASA2,7
AVEN,7
CALML3,7
POLR1A,7
ANKRD17,7
WAC,7
MAPK8,7
ZFR,7
KAT7,7
SAR1A,7
PAXBP1,7
TNRC6B,7
MED1,7
ZFYVE26,7
CSDE1,7
PIGO,7
EPG5,7
SAFB,7
ZC3H7B,7
TNPO1,7
SMG1,7
SP3,7
PRPF19,7
RBBP5,7
USP34,7
PIKFYVE,7
VPS26A,7
CHUK,7
MAP3K2,7
TPR,7
PARVB,7
FAM120B,7
PDZD8,7
ATRX,7
SCAF8,7
SMARCC2,7
SURF1,7
INTS3,7
MTX3,7
CWC27,7
MIER1,7
PI4KB,7
UHRF1BP1,7
ZC3H7A,7
PEF1,7
HEATR6,7
PANK2,7
NCOR1,7
TTC28,7
TAOK1,7
SPECC1L,7
MORC3,7
QARS,7
THBS3,7
RPIA,7
DAXX,7
RAD50,7
RAN,7
EIF4E,7
CCT2,7
URI1,7
IPO11,7
UBE2K,7
WBP11,7
PCBP1,7
XPO1,7
HMBS,7
PPOX,7
MRPL12,7
KEAP1,7
ALYREF,7
ADAM10,7
RBM27,7
PPA2,7
YRDC,7
RELA,7
EMG1,7
CRBN,7
MCAT,7
ECSIT,7
PPP2R5E,7
RARS,7
NEMF,7
COX15,7
DNAJC11,7
PRKAR2A,7
GGA1,7
CCDC127,7
MLF2,7
KIAA1191,7
AKAP8L,7
DHX16,7
CUL3,7
AP2A2,7
KPNA1,7
CLEC11A,7
FXN,7
SUN2,7
EIF2S2,7
PTBP3,7
FAM208A,7
APAF1,7
TAX1BP1,7
SSBP1,7
FOXRED1,7
GPKOW,7
RTFDC1,7
ANP32A,7
SLC4A1AP,7
EIF3A,7
TFAM,7
ATPIF1,7
SOS1,7
PELO,7
WDR26,7
FUCA2,7
CCDC97,7
ACBD3,7
UBP1,7
FAM234A,7
NFIC,7
ARAF,7
CSNK2A2,7
IWS1,7
NIFK,7
NCKIPSD,7
ALKBH5,7
CCDC43,7
UBLCP1,7
TBC1D15,7
CCDC51,7
DPH2,7
UFM1,7
RDH14,7
RBBP7,7
PATL1,7
PRPF6,7
ACTB,7
HNRNPM,7
WDR33,7
AHCTF1,7
CWC22,7
HNRNPU,7
HNRNPA3,7
AES,7
ZNF326,7
DDX10,7
ANP32B,7
EIF2B1,8
TMX1,8
NPEPL1,8
PDAP1,8
KDSR,8
PSMD9,8
PPIA,8
MTDH,8
BTF3,8
BCLAF1,8
CDC5L,8
RAVER1,8
PLXNB2,8
SDF4,8
ZC3H14,8
YBX1,8
RNH1,8
WDR4,8
ELAVL1,8
SEPHS1,8
MADD,8
GLA,8
SAE1,8
CEP170B,8
TBCA,8
TMTC3,8
PCMT1,8
ERI3,8
CCNY,8
AKT1,8
DNPEP,8
WDR5,8
ADPRHL2,8
MAPK1,8
LAMC1,8
HNRNPR,8
CDC42EP1,8
KIF1B,8
YWHAG,8
TRAM1,8
GTF3C2,8
CAPZA1,8
RBMX,8
PTMA,8
P4HTM,8
ADI1,8
HMGB1,8
SSB,8
NELFA,8
AAR2,8
RSU1,8
ACTR1A,8
RAB22A,8
TSPAN14,8
DNAJC5,8
REEP3,8
CDC16,8
PRPF4B,8
SIN3A,8
MDH1,8
UBXN1,8
RABIF,8
RABGGTA,8
ATG9A,8
DR1,8
BRAT1,8
PPP1R7,8
STT3B,8
SRA1,8
PDS5B,8
CHMP1B,8
PNPLA6,8
PPIL1,8
SET,8
UBE2L3,8
PUF60,8
FDX1,8
HSF1,8
CTBP1,8
PTRH2,8
VDAC3,8
ATP1B3,8
BSDC1,8
IDH3A,8
TBCC,8
SUCLG2,8
HNRNPA0,8
NFXL1,8
FAM50A,8
CTDP1,8
MIA2,8
LEMD3,8
CCDC124,8
PSMD10,8
UROD,8
TMX4,8
CFL1,8
NTMT1,8
TTPAL,8
METAP2,8
NADSYN1,8
ARFGAP2,8
OCIAD1,8
UBE2M,8
SEC24B,8
RANBP3,8
GLRX5,8
PAFAH1B2,8
OPA1,8
RIC8A,8
SCYL3,8
SCRN3,8
AKAP10,8
TOR3A,8
RHOT1,8
FBXL20,8
DHX40,8
CDK12,8
DCUN1D5,8
UBAP2L,8
ANKHD1,8
KLC2,8
FBXL18,8
ARL2BP,8
NCBP3,8
PPP6R1,8
SENP8,8
ZZZ3,8
SPRYD7,8
PPIL4,8
BRAP,8
ANAPC7,8
OGDH,8
RNF113A,8
COPS7B,8
PPT1,8
CNOT7,8
HTT,8
NUBP1,8
ATP2B1,8
RAB10,8
SPCS3,8
ACP1,8
HADHB,8
NHEJ1,8
DIS3L2,8
EPS15L1,8
UBXN6,8
HSD17B10,8
EMD,8
CDS2,8
AP3B1,8
ALG5,8
PURB,8
TOR1AIP1,8
EDC3,8
PSMF1,8
MOCS3,8
DDX27,8
WDR45B,8
VAPB,8
DIDO1,8
ACOT13,8
HUWE1,8
ERLIN1,8
TM9SF2,8
GDPGP1,8
VAPA,8
VKORC1L1,8
AIMP2,8
ATP6V0D1,8
RAC2,8
IAH1,8
ACSF3,8
RILPL1,8
UQCC1,8
GNAI2,8
IBA57,8
RABL6,8
ACOX1,8
PDP1,8
TEX264,8
CYB5B,8
ACOT8,8
VAMP5,8
NOP56,8
EDEM3,8
ALG1,8
COQ9,8
TRAF2,8
TECR,8
GSK3A,8
ARID1A,8
UBL4A,8
MOB1A,8
METTL14,8
PSMD11,8
AP1B1,8
DDX23,8
C7,8
ARHGDIA,8
NBN,8
TMEM106B,8
MTCH2,8
MTMR9,8
MTIF2,8
DCAF8,8
SLC25A11,8
MPDU1,8
BCAR1,8
NT5C,8
TIMMDC1,8
MTOR,8
BMS1,8
ZW10,8
NDUFAF4,8
RMDN1,8
MAN1A2,8
TMX3,8
OSGEP,8
SRPRB,8
GOSR1,8
OSBPL8,8
RYBP,8
PIGT,8
ABCB7,8
SPG21,8
PREB,8
CYP20A1,8
CUTA,8
CCDC47,8
AMDHD2,8
SLC25A12,8
NAGA,8
HIF1AN,8
PACS2,8
ISCU,8
CCS,8
L3HYPDH,8
STRN4,8
CTCF,8
TRAPPC3,8
CHMP4A,8
PTRHD1,8
H1FX,8
GOSR2,8
CISD2,8
SSR1,8
RAB21,8
H1F0,8
MFSD10,8
BRI3BP,8
FIP1L1,8
NIPBL,8
THOC2,8
LEMD2,8
MOSPD2,8
HACD2,8
MARK2,8
MOB3A,8
NIF3L1,8
MIF,8
UBR2,8
MAN1B1,8
FOCAD,8
PRPF38B,8
CNOT2,8
LAMTOR1,8
NUCB1,8
IPO8,8
TMEM55B,8
ATPAF2,8
MBD2,8
PELP1,8
RAF1,8
SAFB2,8
PCNT,8
DCAF7,8
ATP5S,8
TXN2,8
DDX24,8
GPR107,8
PHPT1,8
CISD1,8
ISCA2,8
AGO2,8
BNIP1,8
SRP54,8
MAP3K7,8
LUC7L3,8
SACM1L,8
MFF,8
CHD3,8
BCAP29,8
SSR4,8
SON,8
OS9,8
PPP2R5C,8
RBM5,8
STAG2,8
PUM2,8
NUP214,8
VTI1A,8
SPTLC1,8
THOC1,8
LSM14A,8
SEL1L,8
ATAD1,8
TOLLIP,8
POLR3E,8
NF1,8
RNF214,8
GSK3B,8
SEC11C,8
WDR91,8
TBC1D23,8
LARP4,8
TMEM245,8
TMEM165,8
ARMC6,8
PMVK,8
CHMP2A,8
GNPDA1,8
RNF170,8
RRS1,8
CCDC86,8
AGPAT5,8
PEX14,8
BRD3,8
NEU1,8
ZMPSTE24,8
SRXN1,8
HTATSF1,8
RMDN2,8
THOP1,8
TEX10,8
ITCH,8
PUM3,8
MIA3,8
RAB18,8
GCC1,8
CRNKL1,8
QTRT1,8
GTF3C5,8
RANBP9,8
IGBP1,8
DYNLT3,8
PDPR,8
CAND2,8
RHOC,8
PNO1,8
RSL1D1,8
CBX1,8
SAR1B,8
ILK,8
SCAMP1,8
CCAR1,8
CCDC58,8
ARF4,8
TMEM33,8
DVL2,8
SMYD5,8
DAAM1,8
DDI2,8
SLC25A24,8
LYPLA1,8
HEATR3,8
GALNS,8
GRSF1,8
ENOPH1,8
IRAK1,8
PWP1,8
VPS4A,8
GLO1,8
PIK3CB,8
POLR2H,8
PPP1R9B,8
LSM1,8
TRMT10C,8
APIP,8
ABHD10,8
RAB24,8
MTR,8
PPWD1,8
GET4,8
UFSP2,8
HYI,8
GORASP2,8
FAM98C,8
PCBD1,8
SCAMP4,8
TANGO2,8
NELFE,8
ATP13A1,8
B4GAT1,8
MAN2B2,8
CNNM3,8
WDR55,8
NAGLU,8
ELMOD2,8
ENG,8
CAMKK2,8
C2,8
RAB27A,8
HAT1,8
MFAP2,8
MINPP1,8
INPP5K,8
GNAO1,8
GNL3,8
GGACT,8
ALDH1A2,8
FGGY,8
DYNC2H1,8
ARHGAP6,8
ATP8A1,8
ATP11A,8
DDX56,8
NUP98,8
U2AF2,8
CELF1,8
WDR7,8
TMED4,8
CSTF1,8
GDI1,8
TRA2A,8
ATP6V0A1,8
WDR81,8
SCAMP2,8
TIA1,8
COL18A1,8
EHD3,8
ABI2,8
TARSL2,8
ARPC5,8
HSPG2,8
COPG1,8
KIAA2013,8
NQO2,8
EXOSC10,8
ARL8A,8
VPS45,8
PIGS,8
HDAC1,8
RBBP4,8
GIT1,8
TPP1,8
SNX3,8
TM9SF1,8
GCA,8
ENOSF1,8
TM9SF4,8
TCIRG1,8
FPGT,8
EXTL2,8
SEC16A,8
SMYD3,8
WDR3,8
WDR12,8
WDR75,8
CSTF3,8
PPID,8
NIP7,8
NUP88,8
UTP14A,8
CFD,8
TMA16,8
TMX2,8
NUP93,8
NCSTN,8
TMEM109,8
GANAB,8
GRWD1,8
PDE6D,8
STX8,8
NUP37,8
NUP160,8
UBE2R2,8
EPB41,8
NUP133,8
ZC3H11A,8
VKORC1,8
MBNL1,8
TECPR1,8
EXOC6B,8
HEATR1,8
ZNF787,8
AGPAT1,8
NOC3L,8
ORC2,8
PRPF40A,8
KDM1A,8
CPSF3,8
NUP107,8
LTBP3,8
SRRT,8
GBA2,8
NUP35,8
C1QA,8
C1QB,8
C1QC,8
FBXO22,8
PPP1R21,8
GALK1,8
ACYP2,8
TMEM205,8
TTYH3,8
MBLAC2,8
SLC12A9,8
TSR2,8
SDSL,8
CDIPT,8
MTHFS,8
TBC1D13,8
SLC39A7,8
SNX12,8
CD81,8
APOE,8
CHID1,8
HMGN1,8
RRP9,8
PDS5A,8
ASNA1,8
PIN1,8
YY1,8
PIEZO1,8
U2SURP,8
SLC35F6,8
ITM2B,8
HPS3,8
SURF4,8
RER1,8
XRCC1,8
RTN3,8
GUK1,8
NDUFV3,8
CPSF6,8
TSPO,8
LMNB1,8
LYZ,8
CLGN,8
SERPINA5,8
CAT,8
UROS,8
SCAF4,8
BTD,8
CFI,8
PDK2,8
BCAS3,8
SERPING1,8
MMP9,8
C3,8
POLR1D,8
TROVE2,8
TIAL1,8
RNF2,8
THADA,8
BTF3L4,8
COL6A1,8
COL6A2,8
HNRNPD,8
SGCE,8
